{"cameraMode":{"drawMode":0,"name":"Shaded","section":"Shading Mode"},"sceneLighting":false,"audioPlay":false,"sceneViewState":{"m_AlwaysRefresh":false,"showFog":true,"showSkybox":false,"showFlares":true,"showImageEffects":true,"showParticleSystems":true,"showVisualEffectGraphs":true,"m_FxEnabled":true},"in2DMode":false,"pivot":{"x":0.32556474208831789,"y":3.2950680255889894,"z":0.39328286051750185},"rotation":{"x":0.6913276314735413,"y":0.01937943324446678,"z":-0.018555069342255594,"w":0.7220467329025269},"size":0.7968348860740662,"orthographic":false}