{"cameraMode":{"drawMode":0,"name":"Shaded","section":"Shading Mode"},"sceneLighting":true,"audioPlay":false,"sceneViewState":{"m_AlwaysRefresh":false,"showFog":true,"showSkybox":true,"showFlares":true,"showImageEffects":true,"showParticleSystems":true,"showVisualEffectGraphs":true,"m_FxEnabled":true},"in2DMode":false,"pivot":{"x":33.918704986572269,"y":-2.5404510498046877,"z":-9.371209144592286},"rotation":{"x":0.6913276314735413,"y":0.01937943324446678,"z":-0.018555069342255594,"w":0.7220467329025269},"size":19.331588745117189,"orthographic":true}