{"cameraMode":{"drawMode":0,"name":"Shaded","section":"Shading Mode"},"sceneLighting":true,"audioPlay":false,"sceneViewState":{"m_AlwaysRefresh":false,"showFog":true,"showSkybox":true,"showFlares":true,"showImageEffects":true,"showParticleSystems":true,"showVisualEffectGraphs":true,"m_FxEnabled":true},"in2DMode":false,"pivot":{"x":340.531982421875,"y":275.52911376953127,"z":740.1795043945313},"rotation":{"x":0.1843280792236328,"y":0.010319891385734082,"z":-0.0019354859832674265,"w":0.9828088879585266},"size":1147.7882080078125,"orthographic":false}