{"cameraMode":{"drawMode":0,"name":"Shaded","section":"Shading Mode"},"sceneLighting":true,"audioPlay":false,"sceneViewState":{"m_AlwaysRefresh":false,"showFog":true,"showSkybox":true,"showFlares":true,"showImageEffects":true,"showParticleSystems":true,"showVisualEffectGraphs":true,"m_FxEnabled":true},"in2DMode":false,"pivot":{"x":14.15114974975586,"y":-10.257128715515137,"z":26.337352752685548},"rotation":{"x":0.3188021779060364,"y":0.11180803179740906,"z":-0.03790238872170448,"w":0.9404450058937073},"size":20.588146209716798,"orthographic":true}