{"cameraMode":{"drawMode":0,"name":"Shaded","section":"Shading Mode"},"sceneLighting":true,"audioPlay":false,"sceneViewState":{"m_AlwaysRefresh":false,"showFog":true,"showSkybox":true,"showFlares":true,"showImageEffects":true,"showParticleSystems":true,"showVisualEffectGraphs":true,"m_FxEnabled":true},"in2DMode":false,"pivot":{"x":-102.16729736328125,"y":-0.26723480224609377,"z":84.59941101074219},"rotation":{"x":0.6913276314735413,"y":0.01937943324446678,"z":-0.018555069342255594,"w":0.7220467329025269},"size":6.148441791534424,"orthographic":true}