{"cameraMode":{"drawMode":0,"name":"Shaded","section":"Shading Mode"},"sceneLighting":true,"audioPlay":false,"sceneViewState":{"m_AlwaysRefresh":false,"showFog":true,"showSkybox":true,"showFlares":true,"showImageEffects":true,"showParticleSystems":true,"showVisualEffectGraphs":true,"m_FxEnabled":true},"in2DMode":false,"pivot":{"x":37.07577133178711,"y":-15.05601692199707,"z":17.359188079833986},"rotation":{"x":0.3188021779060364,"y":0.11180803179740906,"z":-0.03790238872170448,"w":0.9404450058937073},"size":36.223472595214847,"orthographic":true}