{"cameraMode":{"drawMode":0,"name":"Shaded","section":"Shading Mode"},"sceneLighting":true,"audioPlay":false,"sceneViewState":{"m_AlwaysRefresh":false,"showFog":true,"showSkybox":true,"showFlares":true,"showImageEffects":true,"showParticleSystems":true,"showVisualEffectGraphs":true,"m_FxEnabled":true},"in2DMode":false,"pivot":{"x":32.60265350341797,"y":-7.712419509887695,"z":-28.872705459594728},"rotation":{"x":0.7496952414512634,"y":-0.015213384293019772,"z":0.01724703051149845,"w":0.6613882184028626},"size":60.96882247924805,"orthographic":true}