{"cameraMode":{"drawMode":0,"name":"Shaded","section":"Shading Mode"},"sceneLighting":false,"audioPlay":false,"sceneViewState":{"m_AlwaysRefresh":false,"showFog":true,"showSkybox":false,"showFlares":true,"showImageEffects":true,"showParticleSystems":true,"showVisualEffectGraphs":true,"m_FxEnabled":true},"in2DMode":false,"pivot":{"x":-2.4179060459136965,"y":0.2062665820121765,"z":-9.041895866394043},"rotation":{"x":0.7109885215759277,"y":0.0007044795784167945,"z":-0.0007111384766176343,"w":0.7032108902931213},"size":19.121719360351564,"orthographic":true}